,weights,hypo-0.01
0,"(1, 0, 0, 0)",0.35474121216268617
1,"(0, 1, 0, 0)",0.12027556458042943
2,"(0, 0, 1, 0)",0.044844498297847785
3,"(0, 0, 0, 1)",0.02081991096252184
4,"(0.25, 0.25, 0.25, 0.25)",0.07944549436369376
