,untuned,0,hypo-0.001-13b,hypo-0.0005,hypo-0.0001,anti-0.001-13b,anti-0.01,untuned-13b,anti-0.0005,anti-0.0001,0-13b,hypo-0.001,anti-0.001-3ep,hypo-0.01
0,0.04592767537780194,0.06912000457211151,0.06326195964179472,0.05863635663792476,0.07015509795859773,0.06520686549065335,0.0713491254776355,0.042580106649606875,0.06120534478227014,0.07720487010698342,0.06342944669154015,0.057398682096990686,0.07606081897515474,0.056671688227430045
